execution,val_accuracy,val_loss,val_auc
35,0.5236607193946838,3.774264097213745,0.7960042953491211
36,0.7576612830162048,0.7103750109672546,0.952551007270813
37,0.8225806355476379,0.5096702575683594,0.9734870791435242
38,0.8433467745780945,0.4863244891166687,0.9755488038063049
