execution,val_accuracy,val_loss,val_auc
35,0.5236607193946838,3.774264097213745,0.7960042953491211
36,0.7576612830162048,0.7103750109672546,0.952551007270813
