execution,val_accuracy,val_loss,val_auc
1,0.7836021780967712,0.5888597965240479,0.9652245044708252
